{
  "hash": "4315d0af",
  "configHash": "7635683a",
  "lockfileHash": "e7449158",
  "browserHash": "07dede7e",
  "optimized": {
    "@angular/common": {
      "src": "../../../../../node_modules/@angular/common/fesm2022/common.mjs",
      "file": "@angular_common.js",
      "fileHash": "ac30a5ef",
      "needsInterop": false
    },
    "@angular/common/http": {
      "src": "../../../../../node_modules/@angular/common/fesm2022/http.mjs",
      "file": "@angular_common_http.js",
      "fileHash": "4f9ed89b",
      "needsInterop": false
    },
    "@angular/core": {
      "src": "../../../../../node_modules/@angular/core/fesm2022/core.mjs",
      "file": "@angular_core.js",
      "fileHash": "25076c00",
      "needsInterop": false
    },
    "@angular/forms": {
      "src": "../../../../../node_modules/@angular/forms/fesm2022/forms.mjs",
      "file": "@angular_forms.js",
      "fileHash": "d0a77dfc",
      "needsInterop": false
    },
    "@angular/platform-browser": {
      "src": "../../../../../node_modules/@angular/platform-browser/fesm2022/platform-browser.mjs",
      "file": "@angular_platform-browser.js",
      "fileHash": "f53b72bc",
      "needsInterop": false
    }
  },
  "chunks": {
    "chunk-EOXQ5Q7W": {
      "file": "chunk-EOXQ5Q7W.js"
    },
    "chunk-QAGRIERY": {
      "file": "chunk-QAGRIERY.js"
    },
    "chunk-G5ZWBBDM": {
      "file": "chunk-G5ZWBBDM.js"
    }
  }
}